id,name,symbol,letters
C00037,Glycine,G,Gly
C00041,L-Alanine,A,Ala
C00065,L-Serine,S,Ser
C00097,L-Cysteine,C,Cys
C00188,L-Threonine,T,Thr
C00073,L-Methionine,M,Met
C00183,L-Valine,V,Val
C00049,L-Aspartate,D,Asp
C00407,L-Isoleucine,I,Ile
C00123,L-Leucine,L,Leu
C00152,L-Asparagine,N,Asn
C00047,L-Lysine,K,Lys
C00062,L-Arginine,R,Arg
C00148,L-Proline,P,Pro
C00135,L-Histidine,H,His
C00025,L-Glutamate,E,Glu
C00064,L-Glutamine,Q,Gln
C00079,L-Phenylalanine,F,Phe
C00078,L-Tryptophan,W,Trp
C00082,L-Tyrosine,Y,Tyr